home_ownership,loan_amnt
MORTGAGE,13502.830188679245
OWN,9603.57142857143
RENT,11067.481203007519
